DSC_0401.json,RAB,249,d,uv
DSC_0402.json,RAB,249,d,vis
DSC_0485.json,RAB,366,d,uv
DSC_0486.json,RAB,366,d,vis
DSC_0501SHIFTED.json,RAB,377,d,uv
DSC_0502.json,RAB,377,d,vis
DSC_0504.json,RAB,378,d,vis
DSC_0505.json,RAB,378,d,uv
DSC_0545.json,RAB,419,v,vis
DSC_0546SHIFTED.json,RAB,419,v,uv
DSC_0549.json,RAB,419,d,uv
DSC_0550.json,RAB,419,d,vis
DSC_0554.json,RAB,421,v,vis
DSC_0556.json,RAB,421,v,uv
DSC_0604.json,RAB,471,d,vis
DSC_0605.json,RAB,471,d,uv
DSC_0607.json,RAB,471,v,uv
DSC_0608.json,RAB,471,v,vis
DSC_0931.json,RAB,567,v,vis
DSC_0933.json,RAB,567,v,uv
DSC_0934.json,RAB,567,d,uv
DSC_0935.json,RAB,567,d,vis
DSC_1018.json,RAB,659,d,vis
DSC_1019.json,RAB,659,d,uv
DSC_1020.json,RAB,659,v,uv
DSC_1021.json,RAB,659,v,vis
DSC_1022.json,RAB,663,d,uv
DSC_1023.json,RAB,663,d,vis
DSC_1024.json,RAB,663,v,vis
DSC_1025.json,RAB,663,v,uv
DSC_1028.json,RAB,664,d,uv
DSC_1029.json,RAB,664,d,vis
DSC_1031.json,RAB,664,v,vis
DSC_1032.json,RAB,664,v,uv
DSC_1033SHIFTED.json,RAB,665,v,uv
DSC_1035.json,RAB,665,v,vis
DSC_1036.json,RAB,665,d,vis
DSC_1037.json,RAB,665,d,uv
DSC_1038.json,RAB,672,d,uv
DSC_1040.json,RAB,672,d,vis
DSC_1041.json,RAB,672,v,vis
DSC_1042.json,RAB,672,v,uv
DSC_1083.json,RAB,931,v,uv
DSC_1084.json,RAB,931,v,vis
DSC_1085.json,RAB,932,v,vis
DSC_1086.json,RAB,932,v,uv
DSC_1087.json,RAB,932,d,uv
DSC_1088.json,RAB,932,d,vis
DSC_1089.json,RAB,933,d,vis
DSC_1090.json,RAB,933,d,uv
DSC_1091.json,RAB,933,v,uv
DSC_1092.json,RAB,933,v,vis
DSC_1101.json,RAB,937,d,vis
DSC_1102.json,RAB,937,d,uv
DSC_1103.json,RAB,937,v,uv
DSC_1104.json,RAB,937,v,vis
DSC_1213.json,RAB,1049,d,vis
DSC_1214.json,RAB,1049,d,uv
DSC_1215.json,RAB,1049,v,uv
DSC_1216.json,RAB,1049,v,vis
DSC_1234.json,RAB,1054,d,vis
DSC_1235.json,RAB,1054,d,uv
DSC_1236SHIFTED.json,RAB,1054,v,uv
DSC_1237.json,RAB,1054,v,vis
DSC_1254.json,RAB,1099,d,vis
DSC_1255.json,RAB,1099,d,uv
DSC_1256.json,RAB,1099,v,uv
DSC_1257.json,RAB,1099,v,vis
DSC_1258.json,RAB,1100,d,vis
DSC_1259.json,RAB,1100,d,uv
DSC_1260.json,RAB,1100,v,uv
DSC_1261.json,RAB,1100,v,vis
DSC_1262.json,RAB,1101,d,vis
DSC_1263.json,RAB,1101,d,uv
DSC_1264.json,RAB,1101,v,uv
DSC_1266.json,RAB,1101,v,vis
DSC_1304.json,RAB,1144,d,vis
DSC_1305.json,RAB,1144,d,uv
DSC_1306.json,RAB,1144,v,uv
DSC_1307.json,RAB,1144,v,vis
DSC_1415.json,RAB,1140,d,vis
DSC_1416.json,RAB,1140,d,uv
DSC_1417.json,RAB,1140,v,uv
DSC_1418.json,RAB,1140,v,vis
DSC_1443.json,RAB,1232,d,vis
DSC_1444.json,RAB,1232,d,uv
DSC_1445.json,RAB,1232,v,uv
DSC_1446.json,RAB,1232,v,vis
DSC_1451.json,RAB,1234,d,vis
DSC_1452.json,RAB,1234,d,uv
DSC_1453.json,RAB,1234,v,uv
DSC_1454.json,RAB,1234,v,vis
DSC_1472.json,RAB,1274,d,vis
DSC_1473.json,RAB,1274,d,uv
DSC_1474.json,RAB,1274,v,uv
DSC_1475.json,RAB,1274,v,vis
DSC_1481.json,RAB,1278,d,vis
DSC_1482.json,RAB,1278,d,uv
DSC_1483.json,RAB,1278,v,uv
DSC_1484.json,RAB,1278,v,vis
DSC_1502.json,RAB,1286,d,vis
DSC_1503.json,RAB,1286,d,uv
DSC_1504.json,RAB,1286,v,uv
DSC_1505.json,RAB,1286,v,vis
DSC_1506.json,RAB,1320,d,vis
DSC_1507.json,RAB,1320,d,uv
DSC_1508.json,RAB,1320,v,uv
DSC_1509.json,RAB,1320,v,vis
DSC_1600.json,RAB,1345,d,vis
DSC_1601.json,RAB,1345,d,uv
DSC_1602.json,RAB,1345,v,uv
DSC_1603.json,RAB,1345,v,vis
DSC_1621.json,RAB,1349,d,vis
DSC_1622.json,RAB,1349,d,uv
DSC_1623.json,RAB,1349,v,uv
DSC_1624.json,RAB,1349,v,vis
DSC_1693.json,RAB,1382,d,vis
DSC_1694.json,RAB,1382,d,uv
DSC_1695.json,RAB,1382,v,uv
DSC_1696.json,RAB,1382,v,vis
DSC_1702.json,RAB,1392,d,vis
DSC_1703.json,RAB,1392,d,uv
DSC_1704.json,RAB,1392,v,uv
DSC_1705.json,RAB,1392,v,vis
DSC_1749.json,RAB,1419,d,vis
DSC_1750.json,RAB,1419,d,uv
DSC_1751.json,RAB,1419,v,uv
DSC_1753.json,RAB,1419,v,vis
DSC_1793.json,RAB,1516,d,vis
DSC_1794.json,RAB,1516,d,uv
DSC_1795.json,RAB,1516,v,uv
DSC_1796.json,RAB,1516,v,vis
DSC_1815.json,err,1521a,d,vis
DSC_1816.json,err,1521a,d,uv
DSC_1817.json,err,1521a,v,uv
DSC_1818.json,err,1521a,v,vis
DSC_1856.json,RAB,1675,d,vis
DSC_1857.json,RAB,1675,d,uv
DSC_1858.json,RAB,1675,v,uv
DSC_1859.json,RAB,1675,v,vis
DSC_1895.json,RAB,1668,v,uv
DSC_1896.json,RAB,1668,v,vis
DSC_1897.json,RAB,1667,d,vis
DSC_1898.json,RAB,1667,d,uv
DSC_1899.json,RAB,1667,v,uv
DSC_1900.json,RAB,1667,v,vis
DSC_1911.json,RAB,1670,d,vis
DSC_1912.json,RAB,1670,d,uv
DSC_1913.json,RAB,1670,v,uv
DSC_1914.json,RAB,1670,v,vis
DSC_1930.json,RAB,1810,d,vis
DSC_1931.json,RAB,1810,d,uv
DSC_1932.json,RAB,1810,v,uv
DSC_1933.json,RAB,1810,v,vis
DSC_1948.json,RAB,1814,v,uv
DSC_1949.json,RAB,1814,v,vis
DSC_2037.json,RAB,1853,d,vis
DSC_2038.json,RAB,1853,d,uv
DSC_2039.json,RAB,1853,v,uv
DSC_2040.json,RAB,1853,v,vis
DSC_2043.json,RAB,1932,d,vis
DSC_2044.json,RAB,1932,d,uv
DSC_2045.json,RAB,1932,v,uv
DSC_2046.json,RAB,1932,v,vis
DSC_2052.json,RAB,1919,d,vis
DSC_2053.json,RAB,1919,d,uv
DSC_2054.json,RAB,1919,v,uv
DSC_2055.json,RAB,1919,v,vis
DSC_2135.json,RAB,2009,d,vis
DSC_2136.json,RAB,2009,d,uv
DSC_2137.json,RAB,2009,v,uv
DSC_2138.json,RAB,2009,v,vis
DSC_2144.json,RAB,1992,d,vis
DSC_2145.json,RAB,1992,d,uv
DSC_2146.json,RAB,1992,v,uv
DSC_2147.json,RAB,1992,v,vis
DSC_2148.json,RAB,2051,d,vis
DSC_2149.json,RAB,2051,d,uv
DSC_2150.json,RAB,2051,v,uv
DSC_2151.json,RAB,2051,v,vis
DSC_2152.json,RAB,2034,d,vis
DSC_2153.json,RAB,2034,d,uv
DSC_2154.json,RAB,2034,v,uv
DSC_2155.json,RAB,2034,v,vis
DSC_2156.json,RAB,2035,d,vis
DSC_2157.json,RAB,2035,d,uv
DSC_2158.json,RAB,2035,v,uv
DSC_2159.json,RAB,2035,v,vis
DSC_2208.json,RAB,2172,d,vis
DSC_2209.json,RAB,2172,d,uv
DSC_2210.json,RAB,2172,v,uv
DSC_2211.json,RAB,2172,v,vis
DSC_2340.json,RAB,2269,d,vis
DSC_2341.json,RAB,2269,d,uv
DSC_2342.json,RAB,2269,v,uv
DSC_2343.json,RAB,2269,v,vis
DSC_2344.json,RAB,2271,d,vis
DSC_2345.json,RAB,2271,d,vis
DSC_2346.json,RAB,2271,d,vis
DSC_2347.json,RAB,2271,d,uv
DSC_2348.json,RAB,2271,v,uv
DSC_2349.json,RAB,2271,v,vis
DSC_2358.json,RAB,2270,d,vis
DSC_2359.json,RAB,2270,d,uv
DSC_2360.json,RAB,2270,v,uv
DSC_2361.json,RAB,2270,v,vis
DSC_2387.json,RAB,2383,d,vis
DSC_2388.json,RAB,2383,d,uv
DSC_2389.json,RAB,2383,v,uv
DSC_2390.json,RAB,2383,v,vis
DSC_2482.json,RAB,2433,v,vis
DSC_2483.json,RAB,2433,d,vis
DSC_2484.json,RAB,2433,d,uv
DSC_2485.json,RAB,2433,v,uv
DSC_2519.json,RAB,2499,d,vis
DSC_2520.json,RAB,2499,d,uv
DSC_2521.json,RAB,2499,v,uv
DSC_2522.json,RAB,2499,v,vis
DSC_2570.json,RAB,2548,d,vis
DSC_2571.json,RAB,2548,d,uv
DSC_2572.json,RAB,2548,v,uv
DSC_2573.json,RAB,2548,v,vis
DSC_2664.json,RAB,2664,d,vis
DSC_2665.json,RAB,2664,d,uv
DSC_2666.json,RAB,2664,v,uv
DSC_2667.json,RAB,2664,v,vis
DSC_2672.json,RAB,2666,d,vis
DSC_2673.json,RAB,2666,d,uv
DSC_2674.json,RAB,2666,v,uv
DSC_2675.json,RAB,2666,v,vis
DSC_2676.json,RAB,2667,d,vis
DSC_2677.json,RAB,2667,d,uv
DSC_2678.json,RAB,2667,v,uv
DSC_2679.json,RAB,2667,v,vis
DSC_2712.json,RAB,2683,d,vis
DSC_2714.json,RAB,2683,v,vis
DSC_2715.json,RAB,2683,v,uv
DSC_2716.json,RAB,2683,d,uv
DSC_2733.json,RAB,2688,d,vis
DSC_2734.json,RAB,2688,d,uv
DSC_2735.json,RAB,2688,v,uv
DSC_2736.json,RAB,2688,v,vis
DSC_2761.json,RAB,2706,d,vis
DSC_2762.json,RAB,2706,d,uv
DSC_2793.json,RAB,2713,v,vis
DSC_2794.json,RAB,2713,v,uv
DSC_2795.json,RAB,2713,d,uv
DSC_2821.json,RAB,2737,d,vis
DSC_2822.json,RAB,2737,d,uv
DSC_2823.json,RAB,2737,v,uv
DSC_2824.json,RAB,2737,v,vis
DSC_2825.json,RAB,2738,d,vis
DSC_2826.json,RAB,2738,v,vis
DSC_2827.json,RAB,2738,v,uv
DSC_2828.json,RAB,2738,d,uv
DSC_2834.json,RAB,2794,d,vis
DSC_2836.json,RAB,2794,v,vis
DSC_2837.json,RAB,2794,v,uv
DSC_2838.json,RAB,2794,d,uv
DSC_2879.json,RAB,2815,d,uv
DSC_2880.json,RAB,2815,d,vis
DSC_2881.json,RAB,2815,v,vis
DSC_2882.json,RAB,2815,v,uv
DSC_2891.json,RAB,2868,d,vis
DSC_2892.json,RAB,2868,v,vis
DSC_2893.json,RAB,2868,v,uv
DSC_2894.json,RAB,2868,d,uv
DSC_2903.json,RAB,2871,d,vis
DSC_2904.json,RAB,2871,d,uv
DSC_2905.json,RAB,2871,v,uv
DSC_2906.json,RAB,2871,v,vis
DSC_2927.json,RAB,2900,d,vis
DSC_2928.json,RAB,2900,d,uv
DSC_2929.json,RAB,2900,v,uv
DSC_2930.json,RAB,2900,v,vis
DSC_2935.json,RAB,2915,d,vis
DSC_2936.json,RAB,2915,d,uv
DSC_2951.json,RAB,2920,d,vis
DSC_2952.json,RAB,2920,d,uv
DSC_2953.json,RAB,2920,v,uv
DSC_2954.json,RAB,2920,v,vis
DSC_6252.json,RAB,3053,v,vis
DSC_6253.json,RAB,3053,v,uv
DSC_6254.json,RAB,3053,v,vis
DSC_6255.json,RAB,3053,d,vis
DSC_6256.json,RAB,3053,d,uv
V1.json,RAB,581,v,vis
V2.json,RAB,1223,v,vis
V3.json,RAB,936,v,vis
V4.json,RAB,938,v,vis
V5.json,RAB,1321,v,vis
V6.json,RAB,607,v,vis
V7.json,RAB,657,v,vis
V8.json,RAB,955,v,vis
V9.json,RAB,584,v,vis
V10.json,RAB,1318,v,vis
